Sample collection,MTBLS210,Wolbachia
Sample collection,MTBLS210,centrifugation
Sample collection,MTBLS210,quenching
Extraction,MTBLS210,lipid extraction
Extraction,MTBLS210,vortexing
Extraction,MTBLS210,centrifugation
Chromatography,MTBLS210,reversed-phase chromatography
Chromatography,MTBLS210,liquid chromatography 
Chromatography,MTBLS210,Dionex Ultimate 3000 
Mass spectrometry,MTBLS210,direct infusion
Mass spectrometry,MTBLS210,negative ion mode
Mass spectrometry,MTBLS210,Fourier-transform ion cyclotron resonance mass spectrometer
Mass spectrometry,MTBLS210,electrospray ionization 
Mass spectrometry,MTBLS210,tandem mass spectrometry
Metabolite identification,MTBLS210,Lipid Maps
Sample collection,MTBLS263,blood sample
Sample collection,MTBLS263,quenching
Extraction,MTBLS263,vortexing
Extraction,MTBLS263,vacuum evaporation
Chromatography,MTBLS263,Michrom Paradigm MS4 
Chromatography,MTBLS263,liquid chromatography 
Mass spectrometry,MTBLS263,Thermo Fisher Scientific LTQ Orbitrap
Mass spectrometry,MTBLS263,negative ion mode
Mass spectrometry,MTBLS263,positive ion mode
Mass spectrometry,MTBLS263,tandem mass spectrometry
Metabolite identification,MTBLS263,MZmine
Sample collection,MTBLS264,blood sample
Sample collection,MTBLS264,quenching
Extraction,MTBLS264,centrifugation
Extraction,MTBLS264,vacuum evaporation
Extraction,MTBLS264,vortexing
Extraction,MTBLS264,quenching
Chromatography,MTBLS264,Michrom Paradigm MS4 
Chromatography,MTBLS264,liquid chromatography 
Mass spectrometry,MTBLS264,Thermo Fisher Scientific LTQ Orbitrap
Mass spectrometry,MTBLS264,negative ion mode
Mass spectrometry,MTBLS264,positive ion mode
Mass spectrometry,MTBLS264,tandem mass spectrometry
Metabolite identification,MTBLS264,MZmine
Sample collection,MTBLS265,blood sample
Sample collection,MTBLS265,quenching
Extraction,MTBLS265,vortexing
Extraction,MTBLS265,vacuum evaporation
Chromatography,MTBLS265,Michrom Paradigm MS4 
Chromatography,MTBLS265,liquid chromatography 
Mass spectrometry,MTBLS265,Thermo Fisher Scientific LTQ Orbitrap
Mass spectrometry,MTBLS265,negative ion mode
Mass spectrometry,MTBLS265,positive ion mode
Mass spectrometry,MTBLS265,tandem mass spectrometry
Metabolite identification,MTBLS265,MZmine
Sample collection,MTBLS266,blood sample
Sample collection,MTBLS266,quenching
Extraction,MTBLS266,vortexing
Extraction,MTBLS266,vacuum evaporation
Chromatography,MTBLS266,Michrom Paradigm MS4 
Chromatography,MTBLS266,liquid chromatography 
Mass spectrometry,MTBLS266,Thermo Fisher Scientific LTQ Orbitrap
Mass spectrometry,MTBLS266,negative ion mode
Mass spectrometry,MTBLS266,positive ion mode
Mass spectrometry,MTBLS266,tandem mass spectrometry
Metabolite identification,MTBLS266,MZmine
Sample collection,MTBLS267,blood sample
Sample collection,MTBLS267,quenching
Extraction,MTBLS267,vortexing
Extraction,MTBLS267,vacuum evaporation
Chromatography,MTBLS267,Michrom Paradigm MS4 
Chromatography,MTBLS267,liquid chromatography 
Mass spectrometry,MTBLS267,Thermo Fisher Scientific LTQ Orbitrap
Mass spectrometry,MTBLS267,negative ion mode
Mass spectrometry,MTBLS267,positive ion mode
Mass spectrometry,MTBLS267,tandem mass spectrometry
Metabolite identification,MTBLS267,MZmine
Sample collection,MTBLS120,Glycine max
Sample collection,MTBLS120,flash freezing
Sample collection,MTBLS120,homogenization
Extraction,MTBLS120,vortexing
Extraction,MTBLS120,sonication
Extraction,MTBLS120,centrifugation
Chromatography,MTBLS120,liquid chromatography 
Chromatography,MTBLS120,Waters Acquity UPLC
Chromatography,MTBLS120,reversed-phase chromatography
Chromatography,MTBLS120,hydrophilic interaction liquid chromatography 
Mass spectrometry,MTBLS120,electrospray ionization 
Mass spectrometry,MTBLS120,Waters SynaptG2-Si HDMS 
Mass spectrometry,MTBLS120,negative ion mode
Mass spectrometry,MTBLS120,positive ion mode
Mass spectrometry,MTBLS120,tandem mass spectrometry
Metabolite identification,MTBLS120,Metlin
Sample collection,MTBLS295,Micromonas pusilla 
Extraction,MTBLS295,liquid-liquid extraction 
Extraction,MTBLS295,vacufuge
Chromatography,MTBLS295,Phenomenex Synergi 4 microm Fusion
Chromatography,MTBLS295,liquid chromatography 
Chromatography,MTBLS295,reversed-phase chromatography
Mass spectrometry,MTBLS295,Thermo Scientific TSQ Vantage Triple Stage Quadrupole Mass Spectrometer 
Mass spectrometry,MTBLS295,positive ion mode
Mass spectrometry,MTBLS295,negative ion mode
Mass spectrometry,MTBLS295,tandem mass spectrometry
Mass spectrometry,MTBLS295,Fourier-transform ion cyclotron resonance mass spectrometer 
Metabolite identification,MTBLS295,XCMS
Metabolite identification,MTBLS295,METLIN
Metabolite identification,MTBLS295,MetFrag
Sample collection,MTBLS281,seawater
Extraction,MTBLS281,solid phase extraction
Chromatography,MTBLS281,Phenomenex Synergi 4 microm Fusion
Chromatography,MTBLS281,liquid chromatography 
Chromatography,MTBLS281,reversed-phase chromatography
Mass spectrometry,MTBLS281,Thermo Scientific TSQ Vantage Triple Stage Quadrupole Mass Spectrometer 
Mass spectrometry,MTBLS281,positive ion mode
Mass spectrometry,MTBLS281,negative ion mode
Mass spectrometry,MTBLS281,tandem mass spectrometry
Mass spectrometry,MTBLS281,Fourier-transform ion cyclotron resonance mass spectrometer
Sample collection,MTBLS293,seawater
Extraction,MTBLS293,liquid-liquid extraction 
Chromatography,MTBLS293,Phenomenex Synergi 4 microm Fusion
Chromatography,MTBLS293,liquid chromatography 
Chromatography,MTBLS293,reversed-phase chromatography
Mass spectrometry,MTBLS293,Thermo Scientific TSQ Vantage Triple Stage Quadrupole Mass Spectrometer 
Mass spectrometry,MTBLS293,positive ion mode
Mass spectrometry,MTBLS293,negative ion mode
Mass spectrometry,MTBLS293,tandem mass spectrometry
Mass spectrometry,MTBLS293,Fourier-transform ion cyclotron resonance mass spectrometer
Sample collection,MTBLS270,Cichorium endivia 
Sample collection,MTBLS270,flash freezing
Extraction,MTBLS270,liquid-liquid extraction 
Chromatography,MTBLS270,Waters Alliance 
Chromatography,MTBLS270,liquid chromatography 
Mass spectrometry,MTBLS270,Waters Micromass QTof Micro
Mass spectrometry,MTBLS270,positive ion mode
Mass spectrometry,MTBLS270,electrospray ionization 
Mass spectrometry,MTBLS270,collision induced dissociation
Mass spectrometry,MTBLS270,tandem mass spectrometry
Metabolite identification,MTBLS270,MassLynx 
Sample collection,MTBLS168,Saccharomyces cerevisiae 
Sample collection,MTBLS168,quenching
Sample collection,MTBLS168,centrifugation
Sample collection,MTBLS168,flash freezing
Extraction,MTBLS168,liquid-liquid extraction 
Extraction,MTBLS168,vortexing
Chromatography,MTBLS168,liquid chromatography 
Chromatography,MTBLS168,Waters Acquity UPLC
Chromatography,MTBLS168,reversed-phase chromatography
Mass spectrometry,MTBLS168,Thermo TSQ Quantum Ultra 
Mass spectrometry,MTBLS168,electrospray ionization 
Mass spectrometry,MTBLS168,negative ion mode
Chromatography,MTBLS215,Agilent 7890 Series
Chromatography,MTBLS215,gas chromatography
Mass spectrometry,MTBLS215,electron ionization
Mass spectrometry,MTBLS215,field ionization
Mass spectrometry,MTBLS215,JEOL AccuTOF GCv 4G GC 
Sample collection,MTBLS234,blood sample
Sample collection,MTBLS234,centrifugation
Extraction,MTBLS234,vortexing
Extraction,MTBLS234,precipitation
Chromatography,MTBLS234,Waters Acquity UPLC
Chromatography,MTBLS234,liquid chromatography 
Mass spectrometry,MTBLS234,Waters SynaptG2-Si HDMS 
Mass spectrometry,MTBLS234,electrospray ionization 
Sample collection,MTBLS235,plant sample 
Sample collection,MTBLS235,simulated dataset
Chromatography,MTBLS235,liquid chromatography 
Metabolite identification,MTBLS235,statistical evaluation
Sample collection,MTBLS143,blood sample
Extraction,MTBLS143,Hamilton Microlab Star 
Extraction,MTBLS143,liquid-liquid extraction 
Chromatography,MTBLS143,liquid chromatography 
Mass spectrometry,MTBLS143,Sciex QTRAP 
Mass spectrometry,MTBLS143,positive ion mode
Mass spectrometry,MTBLS143,negative ion mode
Mass spectrometry,MTBLS143,collision induced dissociation
Mass spectrometry,MTBLS143,electrospray ionization 
Mass spectrometry,MTBLS143,Multiple Reaction Monitoring 
Mass spectrometry,MTBLS143,tandem mass spectrometry
Metabolite identification,MTBLS143,LipidView 
Metabolite identification,MTBLS143,MultiQuant
Sample collection,MTBLS173,flash freezing
Extraction,MTBLS173,liquid-liquid extraction 
Extraction,MTBLS173,centrifugation
Extraction,MTBLS173,vortexing
Extraction,MTBLS173,sonication
Extraction,MTBLS173,dilution
Chromatography,MTBLS173,liquid chromatography 
Chromatography,MTBLS173,Waters Acquity UPLC
Mass spectrometry,MTBLS173,Waters Xevo G2 QtoF
Mass spectrometry,MTBLS173,electrospray ionization 
Mass spectrometry,MTBLS173,positive ion mode
Mass spectrometry,MTBLS173,Sciex QTRAP 
Mass spectrometry,MTBLS173,Multiple Reaction Monitoring 
Mass spectrometry,MTBLS173,Waters Quattro Premier XE Triple Quadrupolar MS
Mass spectrometry,MTBLS173,negative ion mode
Metabolite identification,MTBLS173,Lipid Maps
Sample collection,MTBLS276,precipitation
Sample collection,MTBLS276,DNA
Sample collection,MTBLS276,incubation
Extraction,MTBLS276,dilution
Extraction,MTBLS276,denaturation
Extraction,MTBLS276,vortexing
Extraction,MTBLS276,centrifugation
Chromatography,MTBLS276,Dionex UltiMate 3000
Mass spectrometry,MTBLS276,Thermo Scientific Qexactive
Mass spectrometry,MTBLS276,positive ion mode
Mass spectrometry,MTBLS276,Parallel Reaction Monitoring
Metabolite identification,MTBLS276,XCalibur Qual Browser 
Metabolite identification,MTBLS276,XCalibur Quan Browser 
Sample collection,MTBLS243,blood sample
Sample collection,MTBLS243,centrifugation
Sample collection,MTBLS243,mouse
Extraction,MTBLS243,centrifugation
Chromatography,MTBLS243,liquid chromatography 
Chromatography,MTBLS243,Agilent 1290
Mass spectrometry,MTBLS243,electrospray ionization 
Mass spectrometry,MTBLS243,Multiple Reaction Monitoring 
Mass spectrometry,MTBLS243,Agilent 6490 Triple Quadrupole LC/MS
Sample collection,MTBLS197,mouse
Sample collection,MTBLS197,blood sample
Sample collection,MTBLS197,flash freezing
Sample collection,MTBLS197,centrifugation
Sample collection,MTBLS197,blood plasma sample
Extraction,MTBLS197,vortexing
Extraction,MTBLS197,evaporation
Extraction,MTBLS197,centrifugation
Chromatography,MTBLS197,liquid chromatography 
Chromatography,MTBLS197,Dionex UltiMate 3000
Mass spectrometry,MTBLS197,Thermo Fisher Scientific LTQ Orbitrap
Mass spectrometry,MTBLS197,negative ion mode
Mass spectrometry,MTBLS197,electrospray ionization 
Metabolite identification,MTBLS197,METLIN
Metabolite identification,MTBLS197,HMDB
Metabolite identification,MTBLS197,MassBank
Sample collection,MTBLS226,Jurkat cells
Sample collection,MTBLS226,human
Extraction,MTBLS226,vacuum evaporation
Extraction,MTBLS226,vacuum filtration
Extraction,MTBLS226,flash freezing
Extraction,MTBLS226,centrifugation
Chromatography,MTBLS226,Agilent 7890 Series
Chromatography,MTBLS226,gas chromatography
Mass spectrometry,MTBLS226,LECO Pegasus 4D GCxGC-TOFMS
Mass spectrometry,MTBLS226,electron ionization
Metabolite identification,MTBLS226,ChromaTOF 
Metabolite identification,MTBLS226,MetPP 
Metabolite identification,MTBLS226,HMDB
Metabolite identification,MTBLS226,KEGG
Sample collection,MTBLS228,B. Methanolicus 
Sample collection,MTBLS228,incubation
Sample collection,MTBLS228,vacuum filtration
Sample collection,MTBLS228,isotopic labeling
Extraction,MTBLS228,quenching
Extraction,MTBLS228,incubation
Extraction,MTBLS228,flash freezing
Chromatography,MTBLS228,reversed-phase chromatography
Chromatography,MTBLS228,liquid chromatography 
Chromatography,MTBLS228,Eksigent nanoLC Ultra
Mass spectrometry,MTBLS228,Thermo Fisher Scientific LTQ Orbitrap
Mass spectrometry,MTBLS228,negative ion mode
Metabolite identification,MTBLS228,KEGG
Sample collection,MTBLS229,isotopic labeling
Extraction,MTBLS229,quenching
Extraction,MTBLS229,incubation
Extraction,MTBLS229,flash freezing
Chromatography,MTBLS229,reversed-phase chromatography
Chromatography,MTBLS229,liquid chromatography 
Chromatography,MTBLS229,Eksigent nanoLC Ultra
Mass spectrometry,MTBLS229,Thermo Fisher Scientific LTQ Orbitrap
Mass spectrometry,MTBLS229,negative ion mode
Metabolite identification,MTBLS229,KEGG
Extraction,MTBLS91,liquid-liquid extraction 
Extraction,MTBLS91,centrifugation
Extraction,MTBLS91,vortexing
Mass spectrometry,MTBLS91,direct infusion
Mass spectrometry,MTBLS91,Thermo Fisher Scientific LTQ FT Ultra
Mass spectrometry,MTBLS91,nanoelectrospray ionization
Mass spectrometry,MTBLS91,Selected Ion Monitoring
Extraction,MTBLS128,vacuum centrifugation
Extraction,MTBLS128,centrifugation
Extraction,MTBLS128,evaporation
Extraction,MTBLS128,vortexing
Chromatography,MTBLS128,Hitachi LaChromUltra
Chromatography,MTBLS128,liquid chromatography 
Mass spectrometry,MTBLS128,Bruker micrOTOF-Q
Mass spectrometry,MTBLS128,electrospray ionization 
Mass spectrometry,MTBLS128,tandem mass spectrometry
Mass spectrometry,MTBLS128,collision induced dissociation
Mass spectrometry,MTBLS128,centroid mode
Metabolite identification,MTBLS128,ALLocator 
Metabolite identification,MTBLS128,MassBank
Sample collection,MTBLS162,blood sample
Sample collection,MTBLS162,insulin related
Extraction,MTBLS162,blood plasma sample
Extraction,MTBLS162,Mouse
Extraction,MTBLS162,human
Mass spectrometry,MTBLS162,Thermo Exactive Orbitrap
Mass spectrometry,MTBLS162,positive ion mode
Mass spectrometry,MTBLS162,negative ion mode
Mass spectrometry,MTBLS162,nanoelectrospray ionization
Metabolite identification,MTBLS162,manual identification
Metabolite identification,MTBLS162,fragment analysis
Sample collection,MTBLS219,liver samples
Sample collection,MTBLS219,blood plasma sample
Sample collection,MTBLS219,Mouse
Sample collection,MTBLS219,blood sample
Sample collection,MTBLS219,flash freezing
Sample collection,MTBLS219,centrifugation
Extraction,MTBLS219,centrifugation
Extraction,MTBLS219,vacuum centrifugation
Extraction,MTBLS219,liquid-liquid extraction 
Chromatography,MTBLS219,Agilent 6890 series
Chromatography,MTBLS219,gas chromatography
Mass spectrometry,MTBLS219,Leco Pegasus III TOFMS
Mass spectrometry,MTBLS219,positive ion mode
Mass spectrometry,MTBLS219,tandem mass spectrometry
Mass spectrometry,MTBLS219,collision induced dissociation
Metabolite identification,MTBLS219,manual identification
Sample collection,MTBLS171,rat
Sample collection,MTBLS171,urine sample
Extraction,MTBLS171,incubation
Extraction,MTBLS171,centrifugation
Extraction,MTBLS171,vacuum centrifugation
Chromatography,MTBLS171,Agilent 6890 series
Chromatography,MTBLS171,gas chromatography
Mass spectrometry,MTBLS171,Agilent 5973 series
Mass spectrometry,MTBLS171,electron ionization
Metabolite identification,MTBLS171,NIST
Metabolite identification,MTBLS171,manual identification
Sample collection,MTBLS169,Arabidopsis Thaliana
Sample collection,MTBLS169,homogenization
Sample collection,MTBLS169,leaves
Extraction,MTBLS169,vacuum centrifugation
Extraction,MTBLS169,centrifugation
Extraction,MTBLS169,vortexing
Extraction,MTBLS169,sonication
Extraction,MTBLS169,liquid-liquid extraction 
Chromatography,MTBLS169,Waters Acquity UPLC
Chromatography,MTBLS169,liquid chromatography 
Mass spectrometry,MTBLS169,Bruker micrOTOF-Q
Mass spectrometry,MTBLS169,electrospray ionization 
Mass spectrometry,MTBLS169,positive ion mode
Mass spectrometry,MTBLS169,negative ion mode
Mass spectrometry,MTBLS169,centroid mode
Sample collection,MTBLS213,incubation
Sample collection,MTBLS213,human
Extraction,MTBLS213,liquid-liquid extraction 
Extraction,MTBLS213,sonication
Extraction,MTBLS213,centrifugation
Chromatography,MTBLS213,Agilent 1290
Chromatography,MTBLS213,liquid chromatography 
Mass spectrometry,MTBLS213,negative ion mode
Mass spectrometry,MTBLS213,electrospray ionization 
Mass spectrometry,MTBLS213,collision induced dissociation
Mass spectrometry,MTBLS213,tandem mass spectrometry
Sample collection,MTBLS216,blood serum sample
Sample collection,MTBLS216,centrifugation
Sample collection,MTBLS216,blood sample
Sample collection,MTBLS216,human
Extraction,MTBLS216,centrifugation
Extraction,MTBLS216,incubation
Extraction,MTBLS216,evaporation
Chromatography,MTBLS216,Phenomenex Luna NH2
Chromatography,MTBLS216,liquid chromatography 
Mass spectrometry,MTBLS216,Thermo Scientific Qexactive
Metabolite identification,MTBLS216,manual identification
Metabolite identification,MTBLS216,HMDB
Metabolite identification,MTBLS216,KEGG
Metabolite identification,MTBLS216,METLIN
Chromatography,MTBLS7,Agilent 6890 series
Chromatography,MTBLS7,gas chromatography 
Chromatography,MTBLS7,Varian Inc Factor Four VF-5ms
Mass spectrometry,MTBLS7,Leco Pegasus III TOFMS
Metabolite identification,MTBLS7,TargetFinder
Metabolite identification,MTBLS7,manual identification
Chromatography,MTBLS12,Agilent 6890 series
Chromatography,MTBLS12,gas chromatography 
Chromatography,MTBLS12,Varian Inc Factor Four VF-5ms
Mass spectrometry,MTBLS12,Leco Pegasus III TOFMS
Metabolite identification,MTBLS12,TargetFinder
Metabolite identification,MTBLS12,manual identification
Sample collection,MTBLS43,Lotus japonicus
Sample collection,MTBLS43,In-house growth
Sample collection,MTBLS43,flash freezing
Extraction,MTBLS43,liquid-liquid extraction 
Chromatography,MTBLS43,Varian Inc Factor Four VF-5ms
Chromatography,MTBLS43,Agilent 6890 series
Chromatography,MTBLS43,gas chromatography
Mass spectrometry,MTBLS43,electron ionization
Mass spectrometry,MTBLS43,Leco Pegasus III TOFMS
Metabolite identification,MTBLS43,NIST
Metabolite identification,MTBLS43,manual identification
Sample collection,MTBLS16,Lotus cretius
Sample collection,MTBLS16,Lotus corniculatus
Sample collection,MTBLS16,Lotus tenius
Sample collection,MTBLS16,salinity stress
Sample collection,MTBLS16,flash freezing
Extraction,MTBLS16,liquid-liquid extraction 
Chromatography,MTBLS16,Varian Inc Factor Four VF-5ms
Chromatography,MTBLS16,Agilent 6890 series
Chromatography,MTBLS16,gas chromatography
Mass spectrometry,MTBLS16,Leco Pegasus III TOFMS
Metabolite identification,MTBLS16,NIST
Metabolite identification,MTBLS16,Golm Metabolome Database
Sample collection,MTBLS54,salinity stress
Sample collection,MTBLS54,Lotus japonicus
Sample collection,MTBLS54,flash freezing
Extraction,MTBLS54,liquid-liquid extraction 
Chromatography,MTBLS54,Varian Inc Factor Four VF-5ms
Chromatography,MTBLS54,Agilent 6890 series
Chromatography,MTBLS54,gas chromatography
Mass spectrometry,MTBLS54,electron ionization
Mass spectrometry,MTBLS54,Leco Pegasus III TOFMS
Metabolite identification,MTBLS54,Golm Metabolome Database
Metabolite identification,MTBLS54,NIST
Sample collection,MTBLS42,Arabidopsis Thaliana
Sample collection,MTBLS42,salinity stress
Extraction,MTBLS42,liquid-liquid extraction 
Extraction,MTBLS42,flash freezing
Chromatography,MTBLS42,gas chromatography
Chromatography,MTBLS42,Varian Inc Factor Four VF-5ms
Chromatography,MTBLS42,Agilent 6890 series
Mass spectrometry,MTBLS42,electron ionization
Mass spectrometry,MTBLS42,Leco Pegasus III TOFMS
Metabolite identification,MTBLS42,NIST
Metabolite identification,MTBLS42,Golm Metabolome Database
Chromatography,MTBLS11,Varian Inc Factor Four VF-5ms
Chromatography,MTBLS11,Agilent 6890 series
Chromatography,MTBLS11,gas chromatography
Mass spectrometry,MTBLS11,Leco Pegasus III TOFMS
Metabolite identification,MTBLS11,TargetFinder
Metabolite identification,MTBLS11,Golm Metabolome Database
Sample collection,MTBLS5,Synechocystis
Sample collection,MTBLS5,centrifugation
Sample collection,MTBLS5,CO2 stress
Extraction,MTBLS5,flash freezing
Extraction,MTBLS5,centrifugation
Extraction,MTBLS5,liquid-liquid extraction 
Extraction,MTBLS5,vacuum centrifugation
Chromatography,MTBLS5,gas chromatography
Chromatography,MTBLS5,Varian Inc Factor Four VF-5ms
Chromatography,MTBLS5,Agilent 6890 series
Mass spectrometry,MTBLS5,Leco Pegasus III TOFMS
Metabolite identification,MTBLS5,TargetFinder
Metabolite identification,MTBLS5,Golm Metabolome Database
Metabolite identification,MTBLS5,statistical evaluation
Sample collection,MTBLS41,Arabidopsis Thaliana
Sample collection,MTBLS41,salinity stress
Extraction,MTBLS41,flash freezing
Extraction,MTBLS41,liquid-liquid extraction 
Chromatography,MTBLS41,gas chromatography
Chromatography,MTBLS41,Varian Inc Factor Four VF-5ms
Chromatography,MTBLS41,Agilent 6890 series
Mass spectrometry,MTBLS41,Leco Pegasus III TOFMS
Mass spectrometry,MTBLS41,electron ionization
Metabolite identification,MTBLS41,Golm Metabolome Database
Metabolite identification,MTBLS41,statistical evaluation
Metabolite identification,MTBLS41,NIST
Sample collection,MTBLS22,Arabidopsis Thaliana
Sample collection,MTBLS22,salinity stress
Extraction,MTBLS22,flash freezing
Extraction,MTBLS22,liquid-liquid extraction 
Extraction,MTBLS22,homogenization
Chromatography,MTBLS22,gas chromatography
Chromatography,MTBLS22,Varian Inc Factor Four VF-5ms
Chromatography,MTBLS22,Agilent 6890 series
Mass spectrometry,MTBLS22,Leco Pegasus III TOFMS
Mass spectrometry,MTBLS22,electron ionization
Metabolite identification,MTBLS22,Golm Metabolome Database
Metabolite identification,MTBLS22,statistical evaluation
Metabolite identification,MTBLS22,NIST
Sample collection,MTBLS15,Lotus cretius
Sample collection,MTBLS15,Lotus corniculatus
Sample collection,MTBLS15,Lotus tenius
Sample collection,MTBLS15,salinity stress
Sample collection,MTBLS15,flash freezing
Extraction,MTBLS15,liquid-liquid extraction 
Chromatography,MTBLS15,gas chromatography
Chromatography,MTBLS15,Varian Inc Factor Four VF-5ms
Chromatography,MTBLS15,Agilent 6890 series
Mass spectrometry,MTBLS15,Leco Pegasus III TOFMS
Metabolite identification,MTBLS15,Golm Metabolome Database
Metabolite identification,MTBLS15,statistical evaluation
Metabolite identification,MTBLS15,NIST
Sample collection,MTBLS14,Lotus cretius
Sample collection,MTBLS14,Lotus corniculatus
Sample collection,MTBLS14,Lotus tenius
Sample collection,MTBLS14,salinity stress
Sample collection,MTBLS14,flash freezing
Extraction,MTBLS14,liquid-liquid extraction 
Chromatography,MTBLS14,gas chromatography
Chromatography,MTBLS14,Varian Inc Factor Four VF-5ms
Chromatography,MTBLS14,Agilent 6890 series
Mass spectrometry,MTBLS14,Leco Pegasus III TOFMS
Metabolite identification,MTBLS14,Golm Metabolome Database
Metabolite identification,MTBLS14,statistical evaluation
Metabolite identification,MTBLS14,NIST
Chromatography,MTBLS13,gas chromatography
Chromatography,MTBLS13,Varian Inc Factor Four VF-5ms
Chromatography,MTBLS13,Agilent 6890 series
Mass spectrometry,MTBLS13,Leco Pegasus III TOFMS
Metabolite identification,MTBLS13,Golm Metabolome Database
Metabolite identification,MTBLS13,statistical evaluation
Metabolite identification,MTBLS13,NIST
Sample collection,MTBLS44,salinity stress
Extraction,MTBLS44,liquid-liquid extraction 
Chromatography,MTBLS44,gas chromatography
Chromatography,MTBLS44,Varian Inc Factor Four VF-5ms
Chromatography,MTBLS44,Agilent 6890 series
Mass spectrometry,MTBLS44,Leco Pegasus III TOFMS
Mass spectrometry,MTBLS44,electron ionization
Metabolite identification,MTBLS44,Golm Metabolome Database
Metabolite identification,MTBLS44,statistical evaluation
Metabolite identification,MTBLS44,NIST
Sample collection,MTBLS140,human
Extraction,MTBLS140,vortexing
Extraction,MTBLS140,sonication
Extraction,MTBLS140,centrifugation
Chromatography,MTBLS140,reversed-phase chromatography
Chromatography,MTBLS140,liquid chromatography 
Chromatography,MTBLS140,Thermo Fisher Accela
Mass spectrometry,MTBLS140,Thermo Exactive Orbitrap
Mass spectrometry,MTBLS140,positive ion mode
Mass spectrometry,MTBLS140,negative ion mode
Mass spectrometry,MTBLS140,electrospray ionization 
Mass spectrometry,MTBLS140,Thermo Scientific Qexactive
Mass spectrometry,MTBLS140,tandem mass spectrometry
Mass spectrometry,MTBLS140,single ion monitoring
Metabolite identification,MTBLS140,reference standard
Metabolite identification,MTBLS140,HMDB
Metabolite identification,MTBLS140,METLIN
Sample collection,MTBLS100,human
Sample collection,MTBLS100,saliva
Sample collection,MTBLS100,centrifugation
Sample collection,MTBLS214,antibiotics
Extraction,MTBLS214,lysation
Extraction,MTBLS214,vortexing
Extraction,MTBLS214,vacuum centrifugation
Extraction,MTBLS214,freeze drying
Chromatography,MTBLS214,Shimadzu Prominence
Chromatography,MTBLS214,liquid chromatography 
Mass spectrometry,MTBLS214,positive ion mode
Mass spectrometry,MTBLS214,negative ion mode
Mass spectrometry,MTBLS214,AB Sciex TripleTOF
Mass spectrometry,MTBLS214,tandem mass spectrometry
Metabolite identification,MTBLS214,METLIN
Metabolite identification,MTBLS214,reference standard
Sample collection,MTBLS212,Saccharomyces cerevisiae 
Sample collection,MTBLS212,Grapes
Sample collection,MTBLS212,fermentation
Extraction,MTBLS212,incubation
Chromatography,MTBLS212,gas chromatography
Chromatography,MTBLS212,Agilent 6890 series
Mass spectrometry,MTBLS212,LECO Pegasus 4D GCxGC-TOFMS
Mass spectrometry,MTBLS212,electron ionization
Metabolite identification,MTBLS212,reference standard
Metabolite identification,MTBLS212,NIST
Sample collection,MTBLS105,human
Sample collection,MTBLS105,centrifugation
Sample collection,MTBLS105,blood serum sample
Extraction,MTBLS105,liquid-liquid extraction 
Extraction,MTBLS105,vortexing
Extraction,MTBLS105,centrifugation
Chromatography,MTBLS105,gas chromatography
Chromatography,MTBLS105,Agilent J&W DB-5MS column 
Chromatography,MTBLS105,Duragard Capillary column 
Mass spectrometry,MTBLS105,TOFMS
Metabolite identification,MTBLS105,NIST
Metabolite identification,MTBLS105,manual identification
Sample collection,MTBLS177,quenching
Extraction,MTBLS177,liquid-liquid extraction 
Extraction,MTBLS177,precipitation
Extraction,MTBLS177,vacuum centrifugation
Sample collection,MTBLS187,microbes
Sample collection,MTBLS187,flash freezing
Sample collection,MTBLS187,centrifugation
Extraction,MTBLS187,vortexing
Extraction,MTBLS187,liquid-liquid extraction 
Extraction,MTBLS187,incubation
Chromatography,MTBLS187,Agilent 7890 Series
Chromatography,MTBLS187,gas chromatography
Chromatography,MTBLS187,isotopic labeling
Chromatography,MTBLS187,Agilent HP-FFAP
Extraction,MTBLS202,quenching
Extraction,MTBLS202,centrifugation
Extraction,MTBLS202,flash freezing
Chromatography,MTBLS202,Zebron ZB-AAA 
Chromatography,MTBLS202,gas chromatography
Mass spectrometry,MTBLS202,Thermo Electron Trace DSQ 
Mass spectrometry,MTBLS202,electron ionization
Metabolite identification,MTBLS202,ChromaTOF 
Metabolite identification,MTBLS202,NIST
Metabolite identification,MTBLS202,Golm Metabolome Database
Extraction,MTBLS194,centrifugation
Extraction,MTBLS194,vortexing
Extraction,MTBLS194,incubation
Extraction,MTBLS194,centrifugation
Extraction,MTBLS194,isotopic labeling
Chromatography,MTBLS194,Agilent 1100 
Chromatography,MTBLS194,reversed-phase chromatography
Mass spectrometry,MTBLS194,Bruker Tesla Apex-Qe
Mass spectrometry,MTBLS194,Fourier-transform ion cyclotron resonance mass spectrometer 
Mass spectrometry,MTBLS194,positive ion mode
Metabolite identification,MTBLS194,reference standard
Sample collection,MTBLS208,Chlamydomonas reinhardtii 
Sample collection,MTBLS208,centrifugation
Sample collection,MTBLS208,flash freezing
Extraction,MTBLS208,incubation
Extraction,MTBLS208,quenching
Extraction,MTBLS208,centrifugation
Extraction,MTBLS208,flash freezing
Extraction,MTBLS208,vortexing
Chromatography,MTBLS208,liquid-liquid extraction 
Chromatography,MTBLS208,vacuum centrifugation
Chromatography,MTBLS208,Restek Rtx-5Sil MS
Mass spectrometry,MTBLS208,Leco Pegasus 4D TOFMS
Mass spectrometry,MTBLS208,electron ionization
Metabolite identification,MTBLS208,reference standard
Metabolite identification,MTBLS208,statistical evaluation
Sample collection,MTBLS203,plant sample 
Sample collection,MTBLS203,flash freezing
Sample collection,MTBLS203,plant-herbivore interaction
Sample collection,MTBLS203,leaves
Sample collection,MTBLS203,Nicotiana attenuata 
Extraction,MTBLS203,homogenization
Extraction,MTBLS203,centrifugation
Chromatography,MTBLS203,Dionex UltiMate 3000
Chromatography,MTBLS203,liquid chromatography 
Chromatography,MTBLS203,Thermo Scientific Acclaim
Mass spectrometry,MTBLS203,Bruker micrOTOF-Q
Mass spectrometry,MTBLS203,positive ion mode
Mass spectrometry,MTBLS203,electrospray ionization 
Mass spectrometry,MTBLS203,tandem mass spectrometry
Mass spectrometry,MTBLS203,collision induced dissociation
Sample collection,MTBLS191,human
Sample collection,MTBLS191,blood sample
Sample collection,MTBLS191,physical activity
Sample collection,MTBLS191,centrifugation
Sample collection,MTBLS191,blood plasma sample
Extraction,MTBLS191,vortexing
Extraction,MTBLS191,centrifugation
Extraction,MTBLS191,precipitation
Chromatography,MTBLS191,Agilent 7890 Series
Chromatography,MTBLS191,gas chromatography
Chromatography,MTBLS191,splitless mode
Chromatography,MTBLS191,split mode
Chromatography,MTBLS191,randomized autosampler
Mass spectrometry,MTBLS191,Agilent 7890 Series
Mass spectrometry,MTBLS191,electron ionization
Sample collection,MTBLS161,urine sample
Sample collection,MTBLS161,blood sample
Sample collection,MTBLS161,blood serum sample
Sample collection,MTBLS161,centrifugation
Extraction,MTBLS161,liquid-liquid extraction 
Extraction,MTBLS161,centrifugation
Extraction,MTBLS161,vortexing
Sample collection,MTBLS99,homogenization
Sample collection,MTBLS99,apple
Sample collection,MTBLS99,flash freezing
Extraction,MTBLS99,liquid-liquid extraction 
Extraction,MTBLS99,centrifugation
Extraction,MTBLS99,vortexing
Chromatography,MTBLS99,Waters Acquity UPLC
Chromatography,MTBLS99,reversed-phase chromatography
Mass spectrometry,MTBLS99,Waters Synapt HDMS QTOF-MS
Mass spectrometry,MTBLS99,centroid mode
Mass spectrometry,MTBLS99,positive ion mode
Mass spectrometry,MTBLS99,electrospray ionization 
Mass spectrometry,MTBLS99,collision induced dissociation
Mass spectrometry,MTBLS99,tandem mass spectrometry
Sample collection,MTBLS49,Trypanosoma brucei 
Extraction,MTBLS49,quenching
Extraction,MTBLS49,centrifugation
Extraction,MTBLS49,dry ice
Extraction,MTBLS49,liquid-liquid extraction 
Extraction,MTBLS49,precipitation
Chromatography,MTBLS49,liquid chromatography 
Chromatography,MTBLS49,Dionex UltiMate
Chromatography,MTBLS49,hydrophilic interaction liquid chromatography 
Chromatography,MTBLS49,autosampler
Mass spectrometry,MTBLS49,Thermo Exactive Orbitrap
Mass spectrometry,MTBLS49,polarity switching mode
Mass spectrometry,MTBLS49,electrospray ionization 
Mass spectrometry,MTBLS49,calibration
Mass spectrometry,MTBLS49,lock-mass correction
Metabolite identification,MTBLS49,manual identification
Sample collection,MTBLS188,Arabidopsis Thaliana
Extraction,MTBLS188,leaves
Extraction,MTBLS188,flash freezing
Extraction,MTBLS188,homogenization
Extraction,MTBLS188,vortexing
Extraction,MTBLS188,sonication
Extraction,MTBLS188,centrifugation
Extraction,MTBLS188,vacuum centrifugation
Extraction,MTBLS188,liquid-liquid extraction 
Chromatography,MTBLS188,Waters Acquity UPLC
Chromatography,MTBLS188,Waters HSS T3
Mass spectrometry,MTBLS188,Bruker micrOTOF-Q
Mass spectrometry,MTBLS188,electrospray ionization 
Mass spectrometry,MTBLS188,positive ion mode
Mass spectrometry,MTBLS188,negative ion mode
Mass spectrometry,MTBLS188,collision induced dissociation
Mass spectrometry,MTBLS188,tandem mass spectrometry
Mass spectrometry,MTBLS188,calibration
Metabolite identification,MTBLS188,identification by experiment
Sample collection,MTBLS103,blood serum sample
Sample collection,MTBLS103,blood sample
Extraction,MTBLS103,vortexing
Extraction,MTBLS103,precipitation
Extraction,MTBLS103,centrifugation
Chromatography,MTBLS103,Agilent 1290
Mass spectrometry,MTBLS103,electrospray ionization 
Sample collection,MTBLS165,panda
Sample collection,MTBLS165,milk sample
Extraction,MTBLS165,ultrasonication 
Extraction,MTBLS165,centrifugation
Chromatography,MTBLS165,Thermo Fisher Accela
Chromatography,MTBLS165,hydrophilic interaction liquid chromatography 
Mass spectrometry,MTBLS165,polarity switching mode
Mass spectrometry,MTBLS165,electrospray ionization 
Mass spectrometry,MTBLS165,collision induced dissociation
Mass spectrometry,MTBLS165,tandem mass spectrometry
Mass spectrometry,MTBLS165,calibration
Mass spectrometry,MTBLS165,lock-mass correction
Metabolite identification,MTBLS165,manual identification
Metabolite identification,MTBLS165,statistical evaluation
Metabolite identification,MTBLS165,SIMCA-P 
Sample collection,MTBLS124,human
Sample collection,MTBLS124,time-based sampling
Sample collection,MTBLS124,centrifugation
Sample collection,MTBLS124,flash freezing
Extraction,MTBLS124,precipitation
Extraction,MTBLS124,centrifugation
Extraction,MTBLS124,randomized autosampler
Extraction,MTBLS124,blood plasma sample
Chromatography,MTBLS124,Waters Acquity UPLC
Mass spectrometry,MTBLS124,Waters Xevo G2 TOF
Mass spectrometry,MTBLS124,tandem mass spectrometry
Mass spectrometry,MTBLS124,collision induced dissociation
Mass spectrometry,MTBLS124,calibration
Mass spectrometry,MTBLS124,electrospray ionization 
Metabolite identification,MTBLS124,XCMS
Metabolite identification,MTBLS124,statistical evaluation
Sample collection,MTBLS170,yerba mate tea
Sample collection,MTBLS170,leaves
Sample collection,MTBLS170,homogenization
Sample collection,MTBLS170,centrifugation
Extraction,MTBLS170,liquid extraction
Extraction,MTBLS170,centrifugation
Extraction,MTBLS170,vacuum centrifugation
Chromatography,MTBLS170,autosampler
Chromatography,MTBLS170,Agilent 5975 Series
Chromatography,MTBLS170,gas chromatography
Mass spectrometry,MTBLS170,electron ionization
Metabolite identification,MTBLS170,manual identification
Sample collection,MTBLS163,blood sample
Sample collection,MTBLS163,centrifugation
Sample collection,MTBLS163,blood plasma sample
Sample collection,MTBLS163,flash freezing
Extraction,MTBLS163,vortexing
Extraction,MTBLS163,centrifugation
Extraction,MTBLS163,incubation
Extraction,MTBLS163,liquid-liquid extraction 
Mass spectrometry,MTBLS163,Thermo Scientific TSQ Vantage Triple Stage Quadrupole Mass Spectrometer 
Mass spectrometry,MTBLS163,Multiple Reaction Monitoring 
Mass spectrometry,MTBLS163,direct infusion
Mass spectrometry,MTBLS163,positive ion mode
Mass spectrometry,MTBLS163,collision induced dissociation
Extraction,MTBLS178,blood serum sample
Extraction,MTBLS178,centrifugation
Chromatography,MTBLS178,Waters Acquity UPLC
Mass spectrometry,MTBLS178,Waters Synapt HDMS QTOF-MS
Mass spectrometry,MTBLS178,electrospray ionization 
Mass spectrometry,MTBLS178,positive ion mode
Mass spectrometry,MTBLS178,negative ion mode
Mass spectrometry,MTBLS178,data-dependent acquisition
Mass spectrometry,MTBLS178,collision induced dissociation
Mass spectrometry,MTBLS178,tandem mass spectrometry
Metabolite identification,MTBLS178,MassLynx 
Metabolite identification,MTBLS178,Lipid Maps
Metabolite identification,MTBLS178,HMDB
Metabolite identification,MTBLS178,METLIN
Metabolite identification,MTBLS178,manual identification
Extraction,MTBLS175,liquid extraction
Extraction,MTBLS175,liquid-liquid extraction 
Extraction,MTBLS175,homogenization
Extraction,MTBLS175,centrifugation
Extraction,MTBLS175,vortexing
Chromatography,MTBLS175,gas chromatography
Chromatography,MTBLS175,liquid chromatography 
Chromatography,MTBLS175,splitless mode
Mass spectrometry,MTBLS175,electron ionization
Mass spectrometry,MTBLS175,Waters SynaptG1
Mass spectrometry,MTBLS175,electrospray ionization 
Mass spectrometry,MTBLS175,positive ion mode
Mass spectrometry,MTBLS175,negative ion mode
Metabolite identification,MTBLS175,manual identification
Metabolite identification,MTBLS175,NIST
Metabolite identification,MTBLS175,ChemSpider
Metabolite identification,MTBLS175,XCMS
Metabolite identification,MTBLS175,METLIN
Metabolite identification,MTBLS175,statistical evaluation
Sample collection,MTBLS146,blood sample
Sample collection,MTBLS146,blood plasma sample
Sample collection,MTBLS146,pregnancy-related study
Extraction,MTBLS146,precipitation
Extraction,MTBLS146,centrifugation
Extraction,MTBLS146,vortexing
Extraction,MTBLS146,liquid-liquid extraction 
Extraction,MTBLS146,liquid extraction
Chromatography,MTBLS146,liquid chromatography 
Mass spectrometry,MTBLS146,Shimadzu Prominence
Mass spectrometry,MTBLS146,Thermo Fisher Scientific LTQ Orbitrap
Mass spectrometry,MTBLS146,positive ion mode
Mass spectrometry,MTBLS146,negative ion mode
Mass spectrometry,MTBLS146,electrospray ionization 
Mass spectrometry,MTBLS146,collision induced dissociation
Mass spectrometry,MTBLS146,tandem mass spectrometry
Mass spectrometry,MTBLS146,Sciex QTRAP 
Metabolite identification,MTBLS146,manual identification
Metabolite identification,MTBLS146,HMDB
Sample collection,MTBLS46,blood plasma sample
Sample collection,MTBLS119,time-based sampling
Sample collection,MTBLS119,leaves
Sample collection,MTBLS119,plant sample
Sample collection,MTBLS119,flash freezing
Extraction,MTBLS119,vortexing
Extraction,MTBLS119,incubation
Chromatography,MTBLS119,hydrophilic interaction liquid chromatography 
Chromatography,MTBLS119,reversed-phase chromatography
Chromatography,MTBLS119,autosampler
Chromatography,MTBLS119,Waters Acquity UPLC
Mass spectrometry,MTBLS119,Waters SynaptG2-Si HDMS 
Mass spectrometry,MTBLS119,electrospray ionization 
Mass spectrometry,MTBLS119,negative ion mode
Mass spectrometry,MTBLS119,positive ion mode
Mass spectrometry,MTBLS119,lock-mass correction
Metabolite identification,MTBLS119,reference standard
Metabolite identification,MTBLS119,manual identification
Sample collection,MTBLS77,sheep
Sample collection,MTBLS77,blood sample
Sample collection,MTBLS77,centrifugation
Sample collection,MTBLS77,blood plasma sample
Sample collection,MTBLS123,pig
Sample collection,MTBLS123,injury stress
Sample collection,MTBLS123,blood sample
Sample collection,MTBLS123,liver samples
Sample collection,MTBLS123,muscle sample
Sample collection,MTBLS123,flash freezing
Sample collection,MTBLS123,blood serum sample
Sample collection,MTBLS123,survival study
Sample collection,MTBLS123,urine sample
Sample collection,MTBLS123,centrifugation
Extraction,MTBLS123,homogenization
Extraction,MTBLS123,incubation
Extraction,MTBLS123,centrifugation
Sample collection,MTBLS157,Ruegeria pomeroyi 
Sample collection,MTBLS157,time-based sampling
Extraction,MTBLS157,liquid-liquid extraction 
Extraction,MTBLS157,vortexing
Extraction,MTBLS157,sonication
Extraction,MTBLS157,centrifugation
Extraction,MTBLS157,vacufuge
Chromatography,MTBLS157,Phenomenex Synergi 4 microm Fusion
Chromatography,MTBLS157,liquid chromatography 
Mass spectrometry,MTBLS157,Thermo Fisher Scientific LTQ FT Ultra
Mass spectrometry,MTBLS157,Fourier-transform ion cyclotron resonance mass spectrometer
Mass spectrometry,MTBLS157,electrospray ionization 
Metabolite identification,MTBLS157,XCMS
Metabolite identification,MTBLS157,METLIN
Metabolite identification,MTBLS157,manual identification
Sample collection,MTBLS131,Tomato
Sample collection,MTBLS131,homogenization
Sample collection,MTBLS131,flash freezing
Sample collection,MTBLS131,time-based sampling
Sample collection,MTBLS131,ripeness
Extraction,MTBLS131,liquid-liquid extraction 
Extraction,MTBLS131,centrifugation
Extraction,MTBLS131,vacuum centrifugation
Extraction,MTBLS131,flash freezing
Sample collection,MTBLS154,Thalassiosira pseudonana 
Sample collection,MTBLS154,salinity stress
Sample collection,MTBLS154,phosphate-based study
Sample collection,MTBLS154,time-based sampling
Extraction,MTBLS154,liquid-liquid extraction 
Extraction,MTBLS154,vacufuge
Extraction,MTBLS154,de-salting
Chromatography,MTBLS154,Phenomenex Synergi 4 microm Fusion
Chromatography,MTBLS154,Multiple Reaction Monitoring 
Chromatography,MTBLS154,reversed-phase chromatography
Chromatography,MTBLS154,liquid chromatography 
Mass spectrometry,MTBLS154,Thermo Scientific TSQ Vantage Triple Stage Quadrupole Mass Spectrometer 
Mass spectrometry,MTBLS154,polarity switching mode
Mass spectrometry,MTBLS154,negative ion mode
Mass spectrometry,MTBLS154,positive ion mode
Mass spectrometry,MTBLS154,electrospray ionization 
Mass spectrometry,MTBLS154,tandem mass spectrometry
Mass spectrometry,MTBLS154,Fourier-transform ion cyclotron resonance mass spectrometer
Mass spectrometry,MTBLS154,randomized autosampler
Metabolite identification,MTBLS154,manual identification
Sample collection,MTBLS155,Synechococcus elongatus 
Sample collection,MTBLS155,time-based sampling
Extraction,MTBLS155,liquid-liquid extraction 
Extraction,MTBLS155,de-salting
Extraction,MTBLS155,vacufuge
Chromatography,MTBLS155,Phenomenex Synergi 4 microm Fusion
Chromatography,MTBLS155,Multiple Reaction Monitoring 
Chromatography,MTBLS155,reversed-phase chromatography
Chromatography,MTBLS155,liquid chromatography 
Mass spectrometry,MTBLS155,Thermo Scientific TSQ Vantage Triple Stage Quadrupole Mass Spectrometer 
Mass spectrometry,MTBLS155,polarity switching mode
Mass spectrometry,MTBLS155,negative ion mode
Mass spectrometry,MTBLS155,positive ion mode
Mass spectrometry,MTBLS155,electrospray ionization 
Mass spectrometry,MTBLS155,tandem mass spectrometry
Mass spectrometry,MTBLS155,Fourier-transform ion cyclotron resonance mass spectrometer
Mass spectrometry,MTBLS155,randomized autosampler
Metabolite identification,MTBLS155,XCMS
Metabolite identification,MTBLS155,METLIN
Metabolite identification,MTBLS155,MetFrag
Metabolite identification,MTBLS155,manual identification
Sample collection,MTBLS152,time-based sampling
Sample collection,MTBLS152,flash freezing
Sample collection,MTBLS152,liquid-liquid extraction 
Sample collection,MTBLS152,centrifugation
Sample collection,MTBLS152,incubation
Sample collection,MTBLS152,precipitation
Sample collection,MTBLS152,vortexing
Extraction,MTBLS152,vacuum centrifugation
Extraction,MTBLS152,centrifugation
Extraction,MTBLS152,autosampler
Chromatography,MTBLS152,LECO Pegasus 4D GCxGC-TOFMS
Chromatography,MTBLS152,Agilent 7890 Series
Chromatography,MTBLS152,splitless mode
Chromatography,MTBLS152,gas chromatography
Chromatography,MTBLS152,autosampler
Mass spectrometry,MTBLS152,LECO Pegasus 4D GCxGC-TOFMS
Mass spectrometry,MTBLS152,electron ionization
Metabolite identification,MTBLS152,Golm Metabolome Database
Metabolite identification,MTBLS152,NIST
Metabolite identification,MTBLS152,KEGG
Metabolite identification,MTBLS152,HMDB
Metabolite identification,MTBLS152,manual identification
Sample collection,MTBLS147,blood plasma sample
Sample collection,MTBLS147,blood sample
Sample collection,MTBLS150,time-based sampling
Sample collection,MTBLS150,incubation
Sample collection,MTBLS150,liquid-liquid extraction 
Sample collection,MTBLS150,multiple stress factors
Sample collection,MTBLS150,centrifugation
Extraction,MTBLS150,vacuum centrifugation
Extraction,MTBLS150,centrifugation
Extraction,MTBLS150,autosampler
Chromatography,MTBLS150,LECO Pegasus 4D GCxGC-TOFMS
Chromatography,MTBLS150,Agilent 7890 Series
Chromatography,MTBLS150,splitless mode
Chromatography,MTBLS150,gas chromatography
Chromatography,MTBLS150,autosampler
Mass spectrometry,MTBLS150,LECO Pegasus 4D GCxGC-TOFMS
Mass spectrometry,MTBLS150,electron ionization
Metabolite identification,MTBLS150,Golm Metabolome Database
Metabolite identification,MTBLS150,NIST
Metabolite identification,MTBLS150,KEGG
Metabolite identification,MTBLS150,HMDB
Metabolite identification,MTBLS150,manual identification
Extraction,MTBLS148,centrifugation
Extraction,MTBLS148,urine sample
Chromatography,MTBLS148,Thermo Fisher Accela
Chromatography,MTBLS148,liquid chromatography 
Mass spectrometry,MTBLS148,Thermo Fisher Scientific LTQ Orbitrap
Mass spectrometry,MTBLS148,electrospray ionization 
Mass spectrometry,MTBLS148,calibration
Mass spectrometry,MTBLS148,positive ion mode
Mass spectrometry,MTBLS148,negative ion mode
Metabolite identification,MTBLS148,manual identification
Metabolite identification,MTBLS148,XCMS
Sample collection,MTBLS125,Mouse
Sample collection,MTBLS125,blood sample
Sample collection,MTBLS125,liver samples
Sample collection,MTBLS125,muscle sample
Sample collection,MTBLS125,skin sample
Extraction,MTBLS125,homogenization
Extraction,MTBLS125,vortexing
Extraction,MTBLS125,centrifugation
Extraction,MTBLS125,vacuum evaporation
Chromatography,MTBLS125,Michrom Paradigm MS4 
Chromatography,MTBLS125,liquid chromatography 
Chromatography,MTBLS125,hydrophilic interaction liquid chromatography 
Mass spectrometry,MTBLS125,Thermo Fisher Scientific LTQ Orbitrap
Mass spectrometry,MTBLS125,negative ion mode
Mass spectrometry,MTBLS125,positive ion mode
Metabolite identification,MTBLS125,manual identification
Sample collection,MTBLS126,Mouse
Sample collection,MTBLS126,blood sample
Sample collection,MTBLS126,liver samples
Sample collection,MTBLS126,muscle sample
Sample collection,MTBLS126,skin sample
Extraction,MTBLS126,homogenization
Extraction,MTBLS126,vortexing
Extraction,MTBLS126,centrifugation
Extraction,MTBLS126,vacuum evaporation
Chromatography,MTBLS126,Michrom Paradigm MS4 
Chromatography,MTBLS126,liquid chromatography 
Chromatography,MTBLS126,hydrophilic interaction liquid chromatography 
Mass spectrometry,MTBLS126,Thermo Fisher Scientific LTQ Orbitrap
Mass spectrometry,MTBLS126,negative ion mode
Mass spectrometry,MTBLS126,positive ion mode
Metabolite identification,MTBLS126,manual identification
Sample collection,MTBLS127,incubation
Extraction,MTBLS127,vacuum evaporation
Chromatography,MTBLS127,Michrom Paradigm MS4 
Chromatography,MTBLS127,liquid chromatography 
Chromatography,MTBLS127,hydrophilic interaction liquid chromatography 
Mass spectrometry,MTBLS127,Thermo Fisher Scientific LTQ Orbitrap
Mass spectrometry,MTBLS127,negative ion mode
Mass spectrometry,MTBLS127,positive ion mode
Metabolite identification,MTBLS127,manual identification
Sample collection,MTBLS144,Thalassiosira pseudonana 
Sample collection,MTBLS144,incubation
Extraction,MTBLS144,centrifugation
Extraction,MTBLS144,liquid-liquid extraction 
Extraction,MTBLS144,vacufuge
Chromatography,MTBLS144,liquid chromatography 
Chromatography,MTBLS144,Phenomenex Synergi 4 microm Fusion
Chromatography,MTBLS144,reversed-phase chromatography
Chromatography,MTBLS144,Fourier-transform ion cyclotron resonance mass spectrometer
Chromatography,MTBLS144,Thermo Fisher Scientific LTQ FT Ultra
Mass spectrometry,MTBLS144,Fourier-transform ion cyclotron resonance mass spectrometer
Mass spectrometry,MTBLS144,tandem mass spectrometry
Mass spectrometry,MTBLS144,autosampler
Mass spectrometry,MTBLS144,positive ion mode
Mass spectrometry,MTBLS144,negative ion mode
Metabolite identification,MTBLS144,HMDB
Metabolite identification,MTBLS144,KEGG
Metabolite identification,MTBLS144,METLIN
Metabolite identification,MTBLS144,MMCD
Metabolite identification,MTBLS144,reference standard
Sample collection,MTBLS52,hordeus vulgare
Sample collection,MTBLS52,plant sample
Sample collection,MTBLS52,drought stress
Sample collection,MTBLS52,time-based sampling
Sample collection,MTBLS52,flash freezing
Sample collection,MTBLS52,leaves
Extraction,MTBLS52,homogenization
Extraction,MTBLS52,ultrasonication 
Extraction,MTBLS52,centrifugation
Chromatography,MTBLS52,Waters Acquity UPLC
Chromatography,MTBLS52,Agilent 1100 
Mass spectrometry,MTBLS52,Bruker Esquire 3000
Mass spectrometry,MTBLS52,electrospray ionization 
Mass spectrometry,MTBLS52,negative ion mode
Mass spectrometry,MTBLS52,positive ion mode
Mass spectrometry,MTBLS52,tandem mass spectrometry
Metabolite identification,MTBLS52,reference standard
Metabolite identification,MTBLS52,manual identification
Sample collection,MTBLS116,coral
Sample collection,MTBLS116,flash freezing
Extraction,MTBLS116,sonication
Extraction,MTBLS116,liquid-liquid extraction 
Extraction,MTBLS116,centrifugation
Extraction,MTBLS116,vacuum centrifugation
Extraction,MTBLS116,de-salting
Extraction,MTBLS116,flash freezing
Extraction,MTBLS116,homogenization
Sample collection,MTBLS118,flash freezing
Sample collection,MTBLS118,homogenization
Sample collection,MTBLS118,infection based study
Sample collection,MTBLS118,plant sample
Extraction,MTBLS118,ultrasonication 
Extraction,MTBLS118,liquid-liquid extraction 
Extraction,MTBLS118,vacuum centrifugation
Extraction,MTBLS118,autosampler
Extraction,MTBLS118,incubation
Chromatography,MTBLS118,split mode
Chromatography,MTBLS118,Agilent HP-5MS
Chromatography,MTBLS118,gas chromatography
Mass spectrometry,MTBLS118,electron ionization
Mass spectrometry,MTBLS118,Agilent 7890 Series
Mass spectrometry,MTBLS118,autosampler
Metabolite identification,MTBLS118,SoyCyc 
Metabolite identification,MTBLS118,KEGG
Metabolite identification,MTBLS118,EMBL-EBI
Metabolite identification,MTBLS118,Pubchem
Metabolite identification,MTBLS118,KNApSAcK
Metabolite identification,MTBLS118,Biocyc
Metabolite identification,MTBLS118,manual identification
Metabolite identification,MTBLS118,reference standard
Sample collection,MTBLS117,plant sample
Sample collection,MTBLS117,homogenization
Sample collection,MTBLS117,flash freezing
Sample collection,MTBLS117,autosampler
Extraction,MTBLS117,ultrasonication 
Extraction,MTBLS117,liquid-liquid extraction 
Extraction,MTBLS117,vacuum centrifugation
Extraction,MTBLS117,autosampler
Extraction,MTBLS117,incubation
Mass spectrometry,MTBLS117,electrospray ionization 
Mass spectrometry,MTBLS117,positive ion mode
Mass spectrometry,MTBLS117,Thermo Fisher Scientific LTQ Orbitrap
Mass spectrometry,MTBLS117,negative ion mode
Mass spectrometry,MTBLS117,collision induced dissociation
Mass spectrometry,MTBLS117,tandem mass spectrometry
Mass spectrometry,MTBLS117,direct infusion
Metabolite identification,MTBLS117,manual identification
Metabolite identification,MTBLS117,SoyCyc 
Metabolite identification,MTBLS117,KEGG
Metabolite identification,MTBLS117,EMBL-EBI
Metabolite identification,MTBLS117,Pubchem
Metabolite identification,MTBLS117,KNApSAcK
Metabolite identification,MTBLS117,Biocyc
Metabolite identification,MTBLS117,reference standard
Extraction,MTBLS137,plant sample
Extraction,MTBLS137,leaves
Extraction,MTBLS137,homogenization
Extraction,MTBLS137,flash freezing
Extraction,MTBLS137,vortexing
Extraction,MTBLS137,sonication
Extraction,MTBLS137,centrifugation
Extraction,MTBLS137,randomized sampling
Chromatography,MTBLS137,Waters Acquity UPLC
Chromatography,MTBLS137,reversed-phase chromatography
Mass spectrometry,MTBLS137,lock-mass correction
Mass spectrometry,MTBLS137,electrospray ionization 
Mass spectrometry,MTBLS137,centroid mode
Mass spectrometry,MTBLS137,collision induced dissociation
Mass spectrometry,MTBLS137,calibration
Mass spectrometry,MTBLS137,positive ion mode
Sample collection,MTBLS74,leaves
Sample collection,MTBLS74,Arabidopsis Thaliana
Sample collection,MTBLS74,homogenization
Extraction,MTBLS74,liquid-liquid extraction 
Extraction,MTBLS74,vortexing
Extraction,MTBLS74,sonication
Extraction,MTBLS74,centrifugation
Extraction,MTBLS74,vacuum centrifugation
Chromatography,MTBLS74,Waters Acquity UPLC
Chromatography,MTBLS74,HSS T3
Mass spectrometry,MTBLS74,Bruker micrOTOF-Q
Mass spectrometry,MTBLS74,electrospray ionization 
Mass spectrometry,MTBLS74,positive ion mode
Mass spectrometry,MTBLS74,negative ion mode
Mass spectrometry,MTBLS74,collision induced dissociation
Mass spectrometry,MTBLS74,tandem mass spectrometry
Mass spectrometry,MTBLS74,centroid mode
Mass spectrometry,MTBLS74,calibration
Sample collection,MTBLS112,wheat
Sample collection,MTBLS112,time-based sampling
Sample collection,MTBLS112,quenching
Sample collection,MTBLS112,flash freezing
Sample collection,MTBLS112,homogenization
Extraction,MTBLS112,liquid-liquid extraction 
Extraction,MTBLS112,centrifugation
Extraction,MTBLS112,autosampler
Extraction,MTBLS112,ultrasonication 
Chromatography,MTBLS112,Agilent 7890 Series
Chromatography,MTBLS112,split mode
Chromatography,MTBLS112,gas chromatography
Mass spectrometry,MTBLS112,Agilent XL MSD
Mass spectrometry,MTBLS112,electron ionization
Metabolite identification,MTBLS112,manual identification
Metabolite identification,MTBLS112,reference standard
Sample collection,MTBLS104,neuroblastoma cells
Sample collection,MTBLS104,receptor block study
Sample collection,MTBLS104,incubation
Extraction,MTBLS104,liquid-liquid extraction 
Extraction,MTBLS104,sonication
Extraction,MTBLS104,centrifugation
Extraction,MTBLS104,vacuum centrifugation
Sample collection,MTBLS114,Rat
Sample collection,MTBLS114,blood serum sample
Sample collection,MTBLS114,centrifugation
Sample collection,MTBLS113,Euglena gracilis
Sample collection,MTBLS113,flash freezing
Sample collection,MTBLS113,shaker
Sample collection,MTBLS113,fermentation
Extraction,MTBLS113,homogenization
Extraction,MTBLS113,centrifugation
Extraction,MTBLS113,liquid-liquid extraction 
Extraction,MTBLS113,vacuum centrifugation
Chromatography,MTBLS113,autosampler
Chromatography,MTBLS113,Agilent 6890 series
Chromatography,MTBLS113,gas chromatography
Mass spectrometry,MTBLS113,Agilent 6890 series
Mass spectrometry,MTBLS113,electron ionization
Metabolite identification,MTBLS113,reference standard
Metabolite identification,MTBLS113,QuanLynx
Sample collection,MTBLS107,tomato
Extraction,MTBLS107,solid-liquid extraction
Chromatography,MTBLS107,liquid chromatography 
Mass spectrometry,MTBLS107,Thermo Exactive Orbitrap
Sample collection,MTBLS108,tomato
Extraction,MTBLS108,solid-liquid extraction
Chromatography,MTBLS108,liquid chromatography 
Mass spectrometry,MTBLS108,Thermo Exactive Orbitrap
Sample collection,MTBLS109,tomato
Extraction,MTBLS109,solid-liquid extraction
Chromatography,MTBLS109,liquid chromatography 
Mass spectrometry,MTBLS109,Thermo Exactive Orbitrap
Sample collection,MTBLS110,tomato
Extraction,MTBLS110,solid-liquid extraction
Chromatography,MTBLS110,liquid chromatography 
Mass spectrometry,MTBLS110,Thermo Exactive Orbitrap
Sample collection,MTBLS111,tomato
Extraction,MTBLS111,solid-liquid extraction
Chromatography,MTBLS111,liquid chromatography 
Mass spectrometry,MTBLS111,Thermo Exactive Orbitrap
Sample collection,MTBLS93,human
Sample collection,MTBLS93,health-related study
Sample collection,MTBLS93,blood serum sample
Sample collection,MTBLS93,blood sample
Sample collection,MTBLS93,flash freezing
Extraction,MTBLS93,precipitation
Extraction,MTBLS93,centrifugation
Extraction,MTBLS93,autosampler
Extraction,MTBLS93,randomized analysis
Chromatography,MTBLS93,Waters Acquity UPLC
Chromatography,MTBLS93,liquid chromatography 
Mass spectrometry,MTBLS93,Waters Xevo G2 TOF
Mass spectrometry,MTBLS93,electrospray ionization 
Mass spectrometry,MTBLS93,collision induced dissociation
Mass spectrometry,MTBLS93,tandem mass spectrometry
Metabolite identification,MTBLS93,XCMS
Metabolite identification,MTBLS93,manual identification
Sample collection,MTBLS90,human
Sample collection,MTBLS90,blood plasma sample
Sample collection,MTBLS90,blood sample
Sample collection,MTBLS90,blood serum sample
Sample collection,MTBLS90,flash freezing
Extraction,MTBLS90,precipitation
Extraction,MTBLS90,centrifugation
Extraction,MTBLS90,autosampler
Extraction,MTBLS90,randomized analysis
Chromatography,MTBLS90,Waters Acquity UPLC
Chromatography,MTBLS90,liquid chromatography 
Mass spectrometry,MTBLS90,Waters Xevo G2 TOF
Mass spectrometry,MTBLS90,electrospray ionization 
Mass spectrometry,MTBLS90,collision induced dissociation
Mass spectrometry,MTBLS90,tandem mass spectrometry
Metabolite identification,MTBLS90,XCMS
Metabolite identification,MTBLS90,manual identification
Sample collection,MTBLS81,Mouse
Sample collection,MTBLS81,homogenization
Sample collection,MTBLS81,centrifugation
Chromatography,MTBLS81,Thermo Fisher Accela
Chromatography,MTBLS81,liquid chromatography 
Mass spectrometry,MTBLS81,Thermo Fisher Scientific LTQ FT Ultra
Mass spectrometry,MTBLS81,Fourier-transform ion cyclotron resonance mass spectrometer
Mass spectrometry,MTBLS81,electrospray ionization 
Mass spectrometry,MTBLS81,positive ion mode
Mass spectrometry,MTBLS81,negative ion mode
Mass spectrometry,MTBLS81,collision induced dissociation
Mass spectrometry,MTBLS81,tandem mass spectrometry
Metabolite identification,MTBLS81,quantitative analysis
Sample collection,MTBLS26,Mouse
Sample collection,MTBLS26,diet-based study
Sample collection,MTBLS26,liver samples
Sample collection,MTBLS26,centrifugation
Extraction,MTBLS26,homogenization
Extraction,MTBLS26,centrifugation
Chromatography,MTBLS26,Thermo Fisher Accela
Chromatography,MTBLS26,liquid chromatography 
Mass spectrometry,MTBLS26,Thermo Fisher Scientific LTQ FT Ultra
Mass spectrometry,MTBLS26,Fourier-transform ion cyclotron resonance mass spectrometer
Mass spectrometry,MTBLS26,electrospray ionization 
Mass spectrometry,MTBLS26,positive ion mode
Mass spectrometry,MTBLS26,negative ion mode
Mass spectrometry,MTBLS26,collision induced dissociation
Mass spectrometry,MTBLS26,tandem mass spectrometry
Metabolite identification,MTBLS26,quantitative analysis
Sample collection,MTBLS88,human
Sample collection,MTBLS88,blood sample
Sample collection,MTBLS88,quenching
Sample collection,MTBLS88,centrifugation
Sample collection,MTBLS88,blood plasma sample
Extraction,MTBLS88,vortexing
Extraction,MTBLS88,vacuum centrifugation
Chromatography,MTBLS88,Michrom Paradigm MS4 
Chromatography,MTBLS88,liquid chromatography 
Chromatography,MTBLS88,hydrophilic interaction liquid chromatography 
Mass spectrometry,MTBLS88,Thermo Fisher Scientific LTQ Orbitrap
Mass spectrometry,MTBLS88,negative ion mode
Mass spectrometry,MTBLS88,positive ion mode
Metabolite identification,MTBLS88,manual identification
Metabolite identification,MTBLS88,MZmine
Sample collection,MTBLS87,human
Sample collection,MTBLS87,blood sample
Sample collection,MTBLS87,quenching
Sample collection,MTBLS87,centrifugation
Extraction,MTBLS87,vortexing
Extraction,MTBLS87,vacuum centrifugation
Chromatography,MTBLS87,Michrom Paradigm MS4 
Chromatography,MTBLS87,liquid chromatography 
Chromatography,MTBLS87,hydrophilic interaction liquid chromatography 
Mass spectrometry,MTBLS87,Thermo Fisher Scientific LTQ Orbitrap
Mass spectrometry,MTBLS87,negative ion mode
Mass spectrometry,MTBLS87,positive ion mode
Metabolite identification,MTBLS87,manual identification
Metabolite identification,MTBLS87,MZmine
Sample collection,MTBLS86,homogenization
Sample collection,MTBLS86,cassava
Sample collection,MTBLS86,liquid-liquid extraction 
Sample collection,MTBLS86,vortexing
Sample collection,MTBLS86,centrifugation
Sample collection,MTBLS86,vacuum centrifugation
Extraction,MTBLS86,vortexing
Extraction,MTBLS86,centrifugation
Extraction,MTBLS86,autosampler
Chromatography,MTBLS86,Waters Acquity UPLC
Chromatography,MTBLS86,liquid chromatography 
Sample collection,MTBLS85,grapes
Sample collection,MTBLS85,flash freezing
Sample collection,MTBLS85,homogenization
Extraction,MTBLS85,liquid-liquid extraction 
Extraction,MTBLS85,vortexing
Extraction,MTBLS85,centrifugation
Chromatography,MTBLS85,Agilent 1290
Chromatography,MTBLS85,liquid chromatography 
Sample collection,MTBLS96,Mouse
Sample collection,MTBLS96,infection based study
Sample collection,MTBLS96,time-based sampling
Sample collection,MTBLS96,fecal sample
Sample collection,MTBLS96,vortexing
Sample collection,MTBLS96,centrifugation
Extraction,MTBLS96,liquid-liquid extraction 
Extraction,MTBLS96,centrifugation
Extraction,MTBLS96,incubation
Chromatography,MTBLS96,Agilent 6890 series
Chromatography,MTBLS96,gas chromatography
Chromatography,MTBLS96,splitless mode
Mass spectrometry,MTBLS96,Agilent 5975 Series
Mass spectrometry,MTBLS96,randomized analysis
Metabolite identification,MTBLS96,FiehnLib
Metabolite identification,MTBLS96,manual identification
Metabolite identification,MTBLS96,NIST
Sample collection,MTBLS95,Arabidopsis Thaliana
Sample collection,MTBLS95,incubation
Sample collection,MTBLS95,genetics based study
Extraction,MTBLS95,incubation
Chromatography,MTBLS95,Agilent 6890 series
Chromatography,MTBLS95,gas chromatography
Chromatography,MTBLS95,splitless mode
Mass spectrometry,MTBLS95,Agilent 5975 Series
Mass spectrometry,MTBLS95,randomized analysis
Metabolite identification,MTBLS95,FiehnLib
Metabolite identification,MTBLS95,manual identification
Metabolite identification,MTBLS95,NIST
Sample collection,MTBLS75,microbes
Sample collection,MTBLS75,cyanobacteria
Sample collection,MTBLS75,homogenization
Sample collection,MTBLS75,species interaction study
Sample collection,MTBLS75,time-based sampling
Extraction,MTBLS75,vortexing
Extraction,MTBLS75,homogenization
Extraction,MTBLS75,centrifugation
Extraction,MTBLS75,vacuum drying
Chromatography,MTBLS75,Agilent 6890 series
Chromatography,MTBLS75,gas chromatography
Chromatography,MTBLS75,splitless mode
Mass spectrometry,MTBLS75,Agilent 5975 Series
Mass spectrometry,MTBLS75,randomized analysis
Metabolite identification,MTBLS75,FiehnLib
Metabolite identification,MTBLS75,manual identification
Metabolite identification,MTBLS75,NIST
Sample collection,MTBLS92,human
Sample collection,MTBLS92,cancer study
Sample collection,MTBLS92,blood sample
Sample collection,MTBLS92,blood serum sample
Sample collection,MTBLS92,centrifugation
Extraction,MTBLS92,vortexing
Extraction,MTBLS92,incubation
Extraction,MTBLS92,centrifugation
Chromatography,MTBLS92,Waters Acquity UPLC
Chromatography,MTBLS92,liquid chromatography 
Mass spectrometry,MTBLS92,Waters QTOF Premier
Mass spectrometry,MTBLS92,lock-mass correction
Mass spectrometry,MTBLS92,positive ion mode
Metabolite identification,MTBLS92,MZmine
Sample collection,MTBLS79,sheep
Sample collection,MTBLS79,cow
Sample collection,MTBLS79,heart tissue sample
Sample collection,MTBLS79,flash freezing
Sample collection,MTBLS79,technical study
Extraction,MTBLS79,liquid-liquid extraction 
Extraction,MTBLS79,homogenization
Extraction,MTBLS79,vortexing
Extraction,MTBLS79,centrifugation
Extraction,MTBLS79,evaporation
Mass spectrometry,MTBLS79,Thermo Fisher Scientific LTQ FT Ultra
Mass spectrometry,MTBLS79,Fourier-transform ion cyclotron resonance mass spectrometer
Mass spectrometry,MTBLS79,Selected Ion Monitoring
Mass spectrometry,MTBLS79,nanoelectrospray ionization
Mass spectrometry,MTBLS79,positive ion mode
Mass spectrometry,MTBLS79,direct infusion
Sample collection,MTBLS71,human
Sample collection,MTBLS71,urine sample
Chromatography,MTBLS71,Agilent 6890 series
Chromatography,MTBLS71,gas chromatography
Chromatography,MTBLS71,splitless mode
Mass spectrometry,MTBLS71,Agilent 5975 Series
Mass spectrometry,MTBLS71,randomized analysis
Metabolite identification,MTBLS71,FiehnLib
Metabolite identification,MTBLS71,manual identification
Metabolite identification,MTBLS71,NIST
Sample collection,MTBLS28,urine sample
Sample collection,MTBLS28,human
Extraction,MTBLS28,centrifugation
Extraction,MTBLS28,precipitation
Chromatography,MTBLS28,Waters Acquity UPLC
Chromatography,MTBLS28,randomized analysis
Mass spectrometry,MTBLS28,electrospray ionization 
Mass spectrometry,MTBLS28,positive ion mode
Mass spectrometry,MTBLS28,negative ion mode
Mass spectrometry,MTBLS28,lock-mass correction
Mass spectrometry,MTBLS28,Waters QTOF Premier
Mass spectrometry,MTBLS28,collision induced dissociation
Mass spectrometry,MTBLS28,tandem mass spectrometry
Metabolite identification,MTBLS28,METLIN
Metabolite identification,MTBLS28,HMDB
Sample collection,MTBLS69,Sweet sorghum
Extraction,MTBLS69,liquid-liquid extraction 
Extraction,MTBLS69,homogenization
Extraction,MTBLS69,vortexing
Extraction,MTBLS69,centrifugation
Chromatography,MTBLS69,liquid chromatography 
Mass spectrometry,MTBLS69,positive ion mode
Mass spectrometry,MTBLS69,collision induced dissociation
Mass spectrometry,MTBLS69,tandem mass spectrometry
Mass spectrometry,MTBLS69,electrospray ionization 
Sample collection,MTBLS72,blood sample
Sample collection,MTBLS72,centrifugation
Extraction,MTBLS72,vortexing
Extraction,MTBLS72,liquid-liquid extraction 
Extraction,MTBLS72,incubation
Extraction,MTBLS72,centrifugation
Extraction,MTBLS72,vacuum evaporation
Chromatography,MTBLS72,reversed-phase chromatography
Chromatography,MTBLS72,Waters Acquity UPLC
Mass spectrometry,MTBLS72,Waters Xevo G2 QtoF
Mass spectrometry,MTBLS72,positive ion mode
Mass spectrometry,MTBLS72,negative ion mode
Mass spectrometry,MTBLS72,electrospray ionization 
Mass spectrometry,MTBLS72,lock-mass correction
Mass spectrometry,MTBLS72,centroid mode
Sample collection,MTBLS47,plant sample
Sample collection,MTBLS47,liquid-liquid extraction 
Extraction,MTBLS47,vacuum evaporation
Extraction,MTBLS47,centrifugation
Chromatography,MTBLS47,autosampler
Chromatography,MTBLS47,splitless mode
Chromatography,MTBLS47,Agilent 6890 series
Chromatography,MTBLS47,gas chromatography
Mass spectrometry,MTBLS47,Leco Pegasus III TOFMS
Metabolite identification,MTBLS47,NIST
Metabolite identification,MTBLS47,reference standard
Metabolite identification,MTBLS47,Golm Metabolome Database
Metabolite identification,MTBLS47,ChromaTOF 
Sample collection,MTBLS40,Arabidopsis Thaliana
Sample collection,MTBLS40,plant sample
Sample collection,MTBLS40,liquid-liquid extraction 
Sample collection,MTBLS40,flash freezing
Extraction,MTBLS40,vacuum evaporation
Extraction,MTBLS40,centrifugation
Chromatography,MTBLS40,autosampler
Chromatography,MTBLS40,splitless mode
Chromatography,MTBLS40,Agilent 6890 series
Chromatography,MTBLS40,gas chromatography
Mass spectrometry,MTBLS40,Leco Pegasus III TOFMS
Metabolite identification,MTBLS40,NIST
Metabolite identification,MTBLS40,reference standard
Metabolite identification,MTBLS40,Golm Metabolome Database
Metabolite identification,MTBLS40,ChromaTOF 
Sample collection,MTBLS45,Arabidopsis Thaliana
Sample collection,MTBLS45,plant sample
Sample collection,MTBLS45,liquid-liquid extraction 
Sample collection,MTBLS45,flash freezing
Extraction,MTBLS45,vacuum evaporation
Extraction,MTBLS45,centrifugation
Chromatography,MTBLS45,autosampler
Chromatography,MTBLS45,splitless mode
Chromatography,MTBLS45,Agilent 6890 series
Chromatography,MTBLS45,gas chromatography
Mass spectrometry,MTBLS45,Leco Pegasus III TOFMS
Metabolite identification,MTBLS45,NIST
Metabolite identification,MTBLS45,reference standard
Metabolite identification,MTBLS45,Golm Metabolome Database
Metabolite identification,MTBLS45,ChromaTOF 
Sample collection,MTBLS36,tomato
Sample collection,MTBLS36,genetics based study
Sample collection,MTBLS36,time-based sampling
Sample collection,MTBLS36,flash freezing
Extraction,MTBLS36,liquid-liquid extraction 
Chromatography,MTBLS36,Waters Acquity UPLC
Chromatography,MTBLS36,liquid chromatography 
Mass spectrometry,MTBLS36,Thermo Fisher Scientific LTQ Orbitrap
Mass spectrometry,MTBLS36,electrospray ionization 
Mass spectrometry,MTBLS36,positive ion mode
Mass spectrometry,MTBLS36,negative ion mode
Mass spectrometry,MTBLS36,data-dependent acquisition
Mass spectrometry,MTBLS36,collision induced dissociation
Mass spectrometry,MTBLS36,tandem mass spectrometry
Mass spectrometry,MTBLS36,centroid mode
Metabolite identification,MTBLS36,reference standard
Metabolite identification,MTBLS36,Thermo MassFrontier
Sample collection,MTBLS38,reference standard samples
Chromatography,MTBLS38,Waters Acquity UPLC
Chromatography,MTBLS38,liquid chromatography 
Mass spectrometry,MTBLS38,Thermo Fisher Scientific LTQ Orbitrap
Mass spectrometry,MTBLS38,electrospray ionization 
Mass spectrometry,MTBLS38,positive ion mode
Mass spectrometry,MTBLS38,negative ion mode
Mass spectrometry,MTBLS38,data-dependent acquisition
Mass spectrometry,MTBLS38,collision induced dissociation
Mass spectrometry,MTBLS38,tandem mass spectrometry
Mass spectrometry,MTBLS38,centroid mode
Metabolite identification,MTBLS38,manual identification
Sample collection,MTBLS57,plant sample
Sample collection,MTBLS57,flash freezing
Extraction,MTBLS57,liquid-liquid extraction 
Extraction,MTBLS57,centrifugation
Chromatography,MTBLS57,Waters Acquity UPLC
Chromatography,MTBLS57,liquid chromatography 
Mass spectrometry,MTBLS57,Waters Xevo G2 QtoF
Mass spectrometry,MTBLS57,electrospray ionization 
Mass spectrometry,MTBLS57,collision induced dissociation
Mass spectrometry,MTBLS57,tandem mass spectrometry
Mass spectrometry,MTBLS57,lock-mass correction
Sample collection,MTBLS67,yeast
Sample collection,MTBLS67,incubation
Sample collection,MTBLS67,nitrogen starvation
Sample collection,MTBLS67,time-based sampling
Extraction,MTBLS67,quenching
Extraction,MTBLS67,centrifugation
Extraction,MTBLS67,vacuum evaporation
Chromatography,MTBLS67,Michrom Paradigm MS4 
Chromatography,MTBLS67,liquid chromatography 
Chromatography,MTBLS67,Thermo Fisher Scientific LTQ Orbitrap
Chromatography,MTBLS67,hydrophilic interaction liquid chromatography 
Mass spectrometry,MTBLS67,positive ion mode
Mass spectrometry,MTBLS67,negative ion mode
Metabolite identification,MTBLS67,reference standard
Metabolite identification,MTBLS67,manual identification
Sample collection,MTBLS61,blood sample
Sample collection,MTBLS61,blood plasma sample
Sample collection,MTBLS61,centrifugation
Extraction,MTBLS61,vortexing
Extraction,MTBLS61,centrifugation
Extraction,MTBLS61,vacuum evaporation
Chromatography,MTBLS61,Dionex Ultimate 3000 
Chromatography,MTBLS61,liquid chromatography 
Mass spectrometry,MTBLS61,Thermo Fisher Scientific LTQ Orbitrap
Mass spectrometry,MTBLS61,negative ion mode
Mass spectrometry,MTBLS61,electrospray ionization 
Metabolite identification,MTBLS61,manual identification
Metabolite identification,MTBLS61,reference standard
Sample collection,MTBLS39,grapes
Sample collection,MTBLS39,flash freezing
Extraction,MTBLS39,homogenization
Extraction,MTBLS39,ultrasonication 
Chromatography,MTBLS39,Beckman Coulter Gold 127
Chromatography,MTBLS39,autosampler
Mass spectrometry,MTBLS39,Bruker Esquire 6000
Mass spectrometry,MTBLS39,electrospray ionization 
Mass spectrometry,MTBLS39,negative ion mode
Mass spectrometry,MTBLS39,positive ion mode
Mass spectrometry,MTBLS39,collision induced dissociation
Mass spectrometry,MTBLS39,tandem mass spectrometry
Metabolite identification,MTBLS39,manual identification
Metabolite identification,MTBLS39,reference standard
Sample collection,MTBLS59,apple
Sample collection,MTBLS59,homogenization
Mass spectrometry,MTBLS59,Waters Synapt HDMS QTOF-MS
Mass spectrometry,MTBLS59,electrospray ionization 
Sample collection,MTBLS55,grapes
Sample collection,MTBLS55,time-based sampling
Sample collection,MTBLS55,autosampler
Chromatography,MTBLS55,liquid chromatography 
Chromatography,MTBLS55,Waters Acquity UPLC
Chromatography,MTBLS55,reversed-phase chromatography
Mass spectrometry,MTBLS55,Waters Synapt HDMS QTOF-MS
Mass spectrometry,MTBLS55,centroid mode
Mass spectrometry,MTBLS55,electrospray ionization 
Mass spectrometry,MTBLS55,positive ion mode
Mass spectrometry,MTBLS55,negative ion mode
Mass spectrometry,MTBLS55,calibration
Mass spectrometry,MTBLS55,lock-mass correction
Sample collection,MTBLS56,tomato
Sample collection,MTBLS56,time-based sampling
Sample collection,MTBLS56,flash freezing
Sample collection,MTBLS56,homogenization
Sample collection,MTBLS20,urine sample
Sample collection,MTBLS20,centrifugation
Chromatography,MTBLS20,Thermo Fisher Accela
Chromatography,MTBLS20,liquid chromatography 
Mass spectrometry,MTBLS20,tandem mass spectrometry
Mass spectrometry,MTBLS20,Thermo Fisher Scientific LTQ Orbitrap
Mass spectrometry,MTBLS20,positive ion mode
Mass spectrometry,MTBLS20,negative ion mode
Mass spectrometry,MTBLS20,electrospray ionization 
Mass spectrometry,MTBLS20,collision induced dissociation
Metabolite identification,MTBLS20,KEGG
Metabolite identification,MTBLS20,HMDB
Metabolite identification,MTBLS20,METLIN
Metabolite identification,MTBLS20,XCMS
Sample collection,MTBLS166,centrifugation
Sample collection,MTBLS166,Mouse
Sample collection,MTBLS166,urine sample
Sample collection,MTBLS17,human
Sample collection,MTBLS17,blood sample
Sample collection,MTBLS17,centrifugation
Sample collection,MTBLS17,blood serum sample
Sample collection,MTBLS17,pathological experiment
Extraction,MTBLS17,vortexing
Extraction,MTBLS17,incubation
Extraction,MTBLS17,centrifugation
Extraction,MTBLS17,vacuum drying
Chromatography,MTBLS17,reversed-phase chromatography
Chromatography,MTBLS17,Waters Acquity UPLC
Mass spectrometry,MTBLS17,Waters QTOF Premier
Mass spectrometry,MTBLS17,positive ion mode
Mass spectrometry,MTBLS17,negative ion mode
Mass spectrometry,MTBLS17,electrospray ionization 
Mass spectrometry,MTBLS17,lock-mass correction
Mass spectrometry,MTBLS17,centroid mode
Metabolite identification,MTBLS17,statistical evaluation
Metabolite identification,MTBLS17,HMDB
Metabolite identification,MTBLS17,METLIN
Metabolite identification,MTBLS17,MMCD
Metabolite identification,MTBLS17,Lipid Maps
Metabolite identification,MTBLS17,MetaboAnalyst
Sample collection,MTBLS19,human
Sample collection,MTBLS19,blood sample
Sample collection,MTBLS19,centrifugation
Sample collection,MTBLS19,blood serum sample
Sample collection,MTBLS19,pathological experiment
Extraction,MTBLS19,vortexing
Extraction,MTBLS19,incubation
Extraction,MTBLS19,centrifugation
Extraction,MTBLS19,vacuum drying
Chromatography,MTBLS19,reversed-phase chromatography
Chromatography,MTBLS19,Waters Acquity UPLC
Mass spectrometry,MTBLS19,Waters QTOF Premier
Mass spectrometry,MTBLS19,positive ion mode
Mass spectrometry,MTBLS19,negative ion mode
Mass spectrometry,MTBLS19,electrospray ionization 
Mass spectrometry,MTBLS19,lock-mass correction
Mass spectrometry,MTBLS19,centroid mode
Metabolite identification,MTBLS19,statistical evaluation
Metabolite identification,MTBLS19,HMDB
Metabolite identification,MTBLS19,METLIN
Metabolite identification,MTBLS19,MMCD
Metabolite identification,MTBLS19,Lipid Maps
Metabolite identification,MTBLS19,MetaboAnalyst
